Company Name,Rating,Reviews,Project Size,Hourly Rate,Employee Count,Location,Website
Hyperlink InfoSystem,4.8,97,"$10,000+",< $25 / hr,250 - 999,"Ahmedabad, India",https://www.hyperlinkinfosystem.com/?utm_source=clutch.co&utm_medium=referral&utm_campaign=directory-mobile-application-developers
Algoworks,4.9,67,"$10,000+",$25 - $49 / hr,250 - 999,"Sunnyvale, CA",http://www.algoworks.com/?utm_source=clutch.co&utm_medium=referral
Emizen Tech,4.9,68,"$5,000+",< $25 / hr,50 - 249,"Jaipur, India",https://www.emizentech.com/?utm_source=clutch.co&utm_medium=referral&utm_campaign=mobile-application-developers
The NineHertz,4.8,78,"$5,000+",< $25 / hr,50 - 249,"Cincinnati, OH",https://theninehertz.com/?utm_source=clutch.co&utm_medium=referral&utm_campaign=directory-mobile-application-developers
Blue Label Labs,4.8,47,"$75,000+",$100 - $149 / hr,50 - 249,"New York, NY",https://goo.gl/ra5nnC
Netguru,4.8,40,"$25,000+",$50 - $99 / hr,250 - 999,"PoznaÅ„, Poland",https://www.netguru.com/services/?utm_source=clutch&utm_medium=referral&utm_campaign=directory-mobile-application-developers
Innowise Group,4.9,15,"$5,000+",$50 - $99 / hr,"1,000 - 9,999","St. Petersburg, FL",https://innowise-group.com/?utm_source=clutch.co&utm_medium=referral&utm_campaign=catalog&utm_campaign=directory-mobile-application-developers
MobiDev,5.0,13,"$10,000+",$50 - $99 / hr,250 - 999,"Norcross, GA",https://mobidev.biz/services/cross-platform-app-development?utm_source=clutch&utm_medium=listing&utm_campaign=mobile
techahead,4.8,65,"$25,000+",$25 - $49 / hr,50 - 249,"Agoura Hills, CA",https://www.techaheadcorp.com/?utm_source=clutch&utm_medium=referral&utm_campaign=main-app-dev
Sidebench,4.9,39,"$50,000+",$150 - $199 / hr,50 - 249,"Santa Monica, CA",https://sidebench.com/?utm_source=Clutch.co&utm_medium=list&utm_campaign=app_developers
Appinventiv,4.7,72,"$50,000+",$25 - $49 / hr,250 - 999,"Manhattan, NY",https://appinventiv.com/?utm_source=clutch.co&utm_medium=referral&utm_campaign=TopMobileAppDevelopmentCompanies
CodigoDelSur,4.8,35,"$100,000+",$150 - $199 / hr,50 - 249,"Montevideo, Uruguay",http://codigodelsur.com/?utm_source=clutch&utm_medium=referral&utm_campaign=directory-mobile-application-developers
KitelyTech,4.9,22,"$25,000+",Undisclosed,50 - 249,"Chicago, IL",https://kitelytech.com/?utm_source=clutch.co&utm_medium=referral&utm_campaign=mobile-application-developers
3 SIDED CUBE,4.9,30,"$50,000+",$100 - $149 / hr,10 - 49,"Bournemouth, United Kingdom",https://3sidedcube.com/?utm_source=clutch.co&utm_medium=referral&utm_campaign=directory-mobile-app-developers
itCraft,5.0,52,"$50,000+",$50 - $99 / hr,50 - 249,"Warszawa, Poland",https://itcraftapps.com/?utm_source=clutch.co&utm_medium=referral&utm_campaign=mobile-app-development
Cheesecake Labs,4.9,37,"$50,000+",$50 - $99 / hr,50 - 249,"San Francisco, CA",https://cheesecakelabs.com/?utm_source=clutch.co&utm_medium=referral&utm_campaign=mobile-application-developers
Utility,4.8,25,"$50,000+",$100 - $149 / hr,50 - 249,"New York, NY",https://utilitynyc.com/?utm_source=clutch.co&utm_medium=referral&utm_campaign=global
Radiansys Inc,5.0,11,"$10,000+",< $25 / hr,50 - 249,"Gurugram, India",http://www.radiansys.com/?utm_source=clutch.co&utm_medium=referral&utm_campaign=directory-mobile-application-developers
Zudu,5.0,14,"$10,000+",$50 - $99 / hr,10 - 49,"Dundee, United Kingdom",https://zudu.co.uk/?utm_source=clutch.co&utm_medium=referral&utm_campaign=directory-mobile-application-developers
Geniusee,5.0,38,"$25,000+",$25 - $49 / hr,50 - 249,"Kyiv, Ukraine",https://geniusee.com/?utm_source=clutch.co&utm_medium=referral&utm_campaign=app-developers
appssemble,5.0,18,"$10,000+",$50 - $99 / hr,10 - 49,"Cluj-Napoca, Romania",https://www.appssemble.com/?utm_source=clutch.co&utm_medium=referral&utm_campaign=directory-mobile-application-developers
NMG Technologies,4.7,32,"$1,000+",$25 - $49 / hr,10 - 49,"Las Vegas, NV",https://nmgtechnologies.com/clutch/hire-app-developer?utm_campaign=mobile_application_developers&utm_source=clutch
Michigan Software Labs,4.9,8,"$25,000+",$150 - $199 / hr,10 - 49,"Ada, MI",http://michiganlabs.com/?utm_source=clutch&utm_medium=referral
Tapptitude,5.0,48,"$25,000+",$50 - $99 / hr,50 - 249,"Cluj-Napoca, Romania",https://tapptitude.com/?utm_source=clutch.co&utm_medium=referral&utm_campaign=directory-mobile-application-developers
Dedicated Developers,5.0,30,"$25,000+",$50 - $99 / hr,10 - 49,"Alpharetta, GA",https://dedicateddevelopers.com/?utm_source=clutch.co&utm_medium=referral&utm_campaign=https://dedicateddevelopers.com/?utm_source=clutch.co&utm_medium=referral&utm_campaign=mobile-application-developers
mTraction Enterprise,4.7,42,"$25,000+",$25 - $49 / hr,50 - 249,Singapore,https://enterprise.affle.com/?utm_source=clutch.co&utm_medium=referral&utm_campaign=directory-mobile-application-developers
Konstant Infosolutions,4.8,117,"$5,000+",< $25 / hr,50 - 249,"Jaipur, India",https://www.konstantinfo.com/?request-a-quote&utm_source=clutch.co&utm_medium=referral&utm_campaign=ClutchDMG
RichestSoft,4.8,44,"$1,000+",< $25 / hr,10 - 49,"Sahibzada Ajit Singh Nagar, India",https://richestsoft.com/mobile-application-development.html?utm_source=clutch.co&utm_medium=referral&utm_campaign=directory-mobile-application-developers
Grey Chain,5.0,16,"$10,000+",< $25 / hr,10 - 49,"White Plains, NY",https://greychaindesign.com/?utm_source=clutch.co&utm_medium=referral&utm_campaign=directory-mobile-application-developers
Xmartlabs,5.0,24,"$10,000+",$50 - $99 / hr,50 - 249,"Montevideo, Uruguay",https://xmartlabs.com/?utm_source=clutch.co&utm_medium=referral&utm_campaign=directory-mobile-application-developers
MindSea,5.0,23,"$10,000+",$100 - $149 / hr,10 - 49,"Halifax, Canada",http://www.mindsea.com/?utm_source=clutch&utm_medium=referral&utm_campaign=app-developers-global
Infinum,4.8,38,"$25,000+",$100 - $149 / hr,50 - 249,"New York City, NY",https://infinum.co/?utm_source=clutch.co&utm_medium=referral&utm_campaign=directory-mobile-application-developers
RV Technologies,4.8,50,"$1,000+",< $25 / hr,50 - 249,"Sahibzada Ajit Singh Nagar, India",https://rvtechnologies.com/mobile-app-development/?utm_source=clutch.co&utm_medium=referral&utm_campaign=directory-mobile-app-developers
Wolfpack Digital,5.0,37,"$10,000+",$50 - $99 / hr,50 - 249,"Cluj-Napoca, Romania",https://wolfpack-digital.com/?utm_source=clutch&utm_campaign=directory-mobile-application-developers
Quytech,4.7,44,"$10,000+",< $25 / hr,50 - 249,"Gurugram, India",https://www.quytech.com/?utm_source=clutch.co&utm_medium=referral&utm_campaign=mobile-application-developers
Halcyon Mobile,4.9,23,"$25,000+",$50 - $99 / hr,50 - 249,"New York, NY",https://halcyonmobile.com/?utm_source=clutch.co&utm_medium=referral&utm_campaign=top-mobile-app-development-companies
3Advance,5.0,17,"$25,000+",$100 - $149 / hr,10 - 49,"Arlington, VA",https://3advance.com/?utm_source=clutch.co&utm_medium=referrall&utm_campaign=directory-mobile-application-developers
Tapston,5.0,21,"$25,000+",$25 - $49 / hr,50 - 249,"Budva, Montenegro",https://tapston.com/?utm_source=clutch.co&utm_medium=referral
Glance,4.8,12,"$75,000+",$100 - $149 / hr,10 - 49,"London, United Kingdom",https://thisisglance.com/top-mobile-app-development-company-on-clutch/?utm_source=clutch.co&utm_medium=referral&utm_campaign=directory-mobile-application-developers
Appventurez,4.5,23,"$5,000+",< $25 / hr,50 - 249,"Noida, India",https://www.appventurez.com/?utm_source=clutch.co&utm_medium=referral&utm_campaign=directory-mobile-application-developers
